DateKey,CacheType,RequestUrl,PipelineName,CacheWarmUpSourceCount,HitCount,MissCount,startDayHour,perf
20171211,Microsoft.Ads.UcmApi.Core.ExternalCallExecuter.Cache.ExternalCallCacheProxy`2[Microsoft.Advertiser.AdInsight.MT.Interfaces.Opportunity.GetOpportunitiesAggregationRequestMicrosoft.Ads.UcmApi.Core.Fetchers.Opportunities.OpportunitiesEntity],https://api.ucm.bingads.microsoft.com/api/v2/DataTable/BobAccounts,ProgrammaticCustomerOpportunitiesSummaryDetails,53,68,461,2017-12-11,871.46
20171212,Microsoft.Ads.UcmApi.Core.ExternalCallExecuter.Cache.ExternalCallCacheProxy`2[Microsoft.Advertiser.AdInsight.MT.Interfaces.Opportunity.GetOpportunitiesAggregationRequestMicrosoft.Ads.UcmApi.Core.Fetchers.Opportunities.OpportunitiesEntity],https://api.ucm.bingads.microsoft.com/api/v2/DataTable/BobAccounts,ProgrammaticCustomerOpportunitiesSummaryDetails,261,365,648,2017-12-12,639.68
20171213,Microsoft.Ads.UcmApi.Core.ExternalCallExecuter.Cache.ExternalCallCacheProxy`2[Microsoft.Advertiser.AdInsight.MT.Interfaces.Opportunity.GetOpportunitiesAggregationRequestMicrosoft.Ads.UcmApi.Core.Fetchers.Opportunities.OpportunitiesEntity],https://api.ucm.bingads.microsoft.com/api/v2/DataTable/BobAccounts,ProgrammaticCustomerOpportunitiesSummaryDetails,295,405,600,2017-12-13,597.01
20171214,Microsoft.Ads.UcmApi.Core.ExternalCallExecuter.Cache.ExternalCallCacheProxy`2[Microsoft.Advertiser.AdInsight.MT.Interfaces.Opportunity.GetOpportunitiesAggregationRequestMicrosoft.Ads.UcmApi.Core.Fetchers.Opportunities.OpportunitiesEntity],https://api.ucm.bingads.microsoft.com/api/v2/DataTable/BobAccounts,ProgrammaticCustomerOpportunitiesSummaryDetails,109,137,473,2017-12-14,775.41
20171215,Microsoft.Ads.UcmApi.Core.ExternalCallExecuter.Cache.ExternalCallCacheProxy`2[Microsoft.Advertiser.AdInsight.MT.Interfaces.Opportunity.GetOpportunitiesAggregationRequestMicrosoft.Ads.UcmApi.Core.Fetchers.Opportunities.OpportunitiesEntity],https://api.ucm.bingads.microsoft.com/api/v2/DataTable/BobAccounts,ProgrammaticCustomerOpportunitiesSummaryDetails,44,50,343,2017-12-15,872.77
20171218,Microsoft.Ads.UcmApi.Core.ExternalCallExecuter.Cache.ExternalCallCacheProxy`2[Microsoft.Advertiser.AdInsight.MT.Interfaces.Opportunity.GetOpportunitiesAggregationRequestMicrosoft.Ads.UcmApi.Core.Fetchers.Opportunities.OpportunitiesEntity],https://api.ucm.bingads.microsoft.com/api/v2/DataTable/BobAccounts,ProgrammaticCustomerOpportunitiesSummaryDetails,35,45,398,2017-12-18,898.42
20171219,Microsoft.Ads.UcmApi.Core.ExternalCallExecuter.Cache.ExternalCallCacheProxy`2[Microsoft.Advertiser.AdInsight.MT.Interfaces.Opportunity.GetOpportunitiesAggregationRequestMicrosoft.Ads.UcmApi.Core.Fetchers.Opportunities.OpportunitiesEntity],https://api.ucm.bingads.microsoft.com/api/v2/DataTable/BobAccounts,ProgrammaticCustomerOpportunitiesSummaryDetails,92,133,505,2017-12-19,791.54
20171220,Microsoft.Ads.UcmApi.Core.ExternalCallExecuter.Cache.ExternalCallCacheProxy`2[Microsoft.Advertiser.AdInsight.MT.Interfaces.Opportunity.GetOpportunitiesAggregationRequestMicrosoft.Ads.UcmApi.Core.Fetchers.Opportunities.OpportunitiesEntity],https://api.ucm.bingads.microsoft.com/api/v2/DataTable/BobAccounts,ProgrammaticCustomerOpportunitiesSummaryDetails,51,63,407,2017-12-20,865.96
20171221,Microsoft.Ads.UcmApi.Core.ExternalCallExecuter.Cache.ExternalCallCacheProxy`2[Microsoft.Advertiser.AdInsight.MT.Interfaces.Opportunity.GetOpportunitiesAggregationRequestMicrosoft.Ads.UcmApi.Core.Fetchers.Opportunities.OpportunitiesEntity],https://api.ucm.bingads.microsoft.com/api/v2/DataTable/BobAccounts,ProgrammaticCustomerOpportunitiesSummaryDetails,54,81,449,2017-12-21,847.17
20171222,Microsoft.Ads.UcmApi.Core.ExternalCallExecuter.Cache.ExternalCallCacheProxy`2[Microsoft.Advertiser.AdInsight.MT.Interfaces.Opportunity.GetOpportunitiesAggregationRequestMicrosoft.Ads.UcmApi.Core.Fetchers.Opportunities.OpportunitiesEntity],https://api.ucm.bingads.microsoft.com/api/v2/DataTable/BobAccounts,ProgrammaticCustomerOpportunitiesSummaryDetails,15,20,217,2017-12-22,915.61
20171225,Microsoft.Ads.UcmApi.Core.ExternalCallExecuter.Cache.ExternalCallCacheProxy`2[Microsoft.Advertiser.AdInsight.MT.Interfaces.Opportunity.GetOpportunitiesAggregationRequestMicrosoft.Ads.UcmApi.Core.Fetchers.Opportunities.OpportunitiesEntity],https://api.ucm.bingads.microsoft.com/api/v2/DataTable/BobAccounts,ProgrammaticCustomerOpportunitiesSummaryDetails,2,2,23,2017-12-25,920.0
20171226,Microsoft.Ads.UcmApi.Core.ExternalCallExecuter.Cache.ExternalCallCacheProxy`2[Microsoft.Advertiser.AdInsight.MT.Interfaces.Opportunity.GetOpportunitiesAggregationRequestMicrosoft.Ads.UcmApi.Core.Fetchers.Opportunities.OpportunitiesEntity],https://api.ucm.bingads.microsoft.com/api/v2/DataTable/BobAccounts,ProgrammaticCustomerOpportunitiesSummaryDetails,10,11,64,2017-12-26,853.33
20171227,Microsoft.Ads.UcmApi.Core.ExternalCallExecuter.Cache.ExternalCallCacheProxy`2[Microsoft.Advertiser.AdInsight.MT.Interfaces.Opportunity.GetOpportunitiesAggregationRequestMicrosoft.Ads.UcmApi.Core.Fetchers.Opportunities.OpportunitiesEntity],https://api.ucm.bingads.microsoft.com/api/v2/DataTable/BobAccounts,ProgrammaticCustomerOpportunitiesSummaryDetails,23,33,271,2017-12-27,891.45
20171228,Microsoft.Ads.UcmApi.Core.ExternalCallExecuter.Cache.ExternalCallCacheProxy`2[Microsoft.Advertiser.AdInsight.MT.Interfaces.Opportunity.GetOpportunitiesAggregationRequestMicrosoft.Ads.UcmApi.Core.Fetchers.Opportunities.OpportunitiesEntity],https://api.ucm.bingads.microsoft.com/api/v2/DataTable/BobAccounts,ProgrammaticCustomerOpportunitiesSummaryDetails,71,86,247,2017-12-28,741.74
20171229,Microsoft.Ads.UcmApi.Core.ExternalCallExecuter.Cache.ExternalCallCacheProxy`2[Microsoft.Advertiser.AdInsight.MT.Interfaces.Opportunity.GetOpportunitiesAggregationRequestMicrosoft.Ads.UcmApi.Core.Fetchers.Opportunities.OpportunitiesEntity],https://api.ucm.bingads.microsoft.com/api/v2/DataTable/BobAccounts,ProgrammaticCustomerOpportunitiesSummaryDetails,104,138,233,2017-12-29,628.03
20180101,Microsoft.Ads.UcmApi.Core.ExternalCallExecuter.Cache.ExternalCallCacheProxy`2[Microsoft.Advertiser.AdInsight.MT.Interfaces.Opportunity.GetOpportunitiesAggregationRequestMicrosoft.Ads.UcmApi.Core.Fetchers.Opportunities.OpportunitiesEntity],https://api.ucm.bingads.microsoft.com/api/v2/DataTable/BobAccounts,ProgrammaticCustomerOpportunitiesSummaryDetails,7,9,53,2018-01-01,854.84
20180102,Microsoft.Ads.UcmApi.Core.ExternalCallExecuter.Cache.ExternalCallCacheProxy`2[Microsoft.Advertiser.AdInsight.MT.Interfaces.Opportunity.GetOpportunitiesAggregationRequestMicrosoft.Ads.UcmApi.Core.Fetchers.Opportunities.OpportunitiesEntity],https://api.ucm.bingads.microsoft.com/api/v2/DataTable/BobAccounts,ProgrammaticCustomerOpportunitiesSummaryDetails,194,268,496,2018-01-02,649.21
20180103,Microsoft.Ads.UcmApi.Core.ExternalCallExecuter.Cache.ExternalCallCacheProxy`2[Microsoft.Advertiser.AdInsight.MT.Interfaces.Opportunity.GetOpportunitiesAggregationRequestMicrosoft.Ads.UcmApi.Core.Fetchers.Opportunities.OpportunitiesEntity],https://api.ucm.bingads.microsoft.com/api/v2/DataTable/BobAccounts,ProgrammaticCustomerOpportunitiesSummaryDetails,53,83,469,2018-01-03,849.64
20180104,Microsoft.Ads.UcmApi.Core.ExternalCallExecuter.Cache.ExternalCallCacheProxy`2[Microsoft.Advertiser.AdInsight.MT.Interfaces.Opportunity.GetOpportunitiesAggregationRequestMicrosoft.Ads.UcmApi.Core.Fetchers.Opportunities.OpportunitiesEntity],https://api.ucm.bingads.microsoft.com/api/v2/DataTable/BobAccounts,ProgrammaticCustomerOpportunitiesSummaryDetails,50,73,424,2018-01-04,853.12
20180105,Microsoft.Ads.UcmApi.Core.ExternalCallExecuter.Cache.ExternalCallCacheProxy`2[Microsoft.Advertiser.AdInsight.MT.Interfaces.Opportunity.GetOpportunitiesAggregationRequestMicrosoft.Ads.UcmApi.Core.Fetchers.Opportunities.OpportunitiesEntity],https://api.ucm.bingads.microsoft.com/api/v2/DataTable/BobAccounts,ProgrammaticCustomerOpportunitiesSummaryDetails,187,287,471,2018-01-05,621.37
20180108,Microsoft.Ads.UcmApi.Core.ExternalCallExecuter.Cache.ExternalCallCacheProxy`2[Microsoft.Advertiser.AdInsight.MT.Interfaces.Opportunity.GetOpportunitiesAggregationRequestMicrosoft.Ads.UcmApi.Core.Fetchers.Opportunities.OpportunitiesEntity],https://api.ucm.bingads.microsoft.com/api/v2/DataTable/BobAccounts,ProgrammaticCustomerOpportunitiesSummaryDetails,58,86,686,2018-01-08,888.6
20180109,Microsoft.Ads.UcmApi.Core.ExternalCallExecuter.Cache.ExternalCallCacheProxy`2[Microsoft.Advertiser.AdInsight.MT.Interfaces.Opportunity.GetOpportunitiesAggregationRequestMicrosoft.Ads.UcmApi.Core.Fetchers.Opportunities.OpportunitiesEntity],https://api.ucm.bingads.microsoft.com/api/v2/DataTable/BobAccounts,ProgrammaticCustomerOpportunitiesSummaryDetails,71,109,513,2018-01-09,824.76
20180110,Microsoft.Ads.UcmApi.Core.ExternalCallExecuter.Cache.ExternalCallCacheProxy`2[Microsoft.Advertiser.AdInsight.MT.Interfaces.Opportunity.GetOpportunitiesAggregationRequestMicrosoft.Ads.UcmApi.Core.Fetchers.Opportunities.OpportunitiesEntity],https://api.ucm.bingads.microsoft.com/api/v2/DataTable/BobAccounts,ProgrammaticCustomerOpportunitiesSummaryDetails,88,129,582,2018-01-10,818.57
20180111,Microsoft.Ads.UcmApi.Core.ExternalCallExecuter.Cache.ExternalCallCacheProxy`2[Microsoft.Advertiser.AdInsight.MT.Interfaces.Opportunity.GetOpportunitiesAggregationRequestMicrosoft.Ads.UcmApi.Core.Fetchers.Opportunities.OpportunitiesEntity],https://api.ucm.bingads.microsoft.com/api/v2/DataTable/BobAccounts,ProgrammaticCustomerOpportunitiesSummaryDetails,149,225,583,2018-01-11,721.53
20180112,Microsoft.Ads.UcmApi.Core.ExternalCallExecuter.Cache.ExternalCallCacheProxy`2[Microsoft.Advertiser.AdInsight.MT.Interfaces.Opportunity.GetOpportunitiesAggregationRequestMicrosoft.Ads.UcmApi.Core.Fetchers.Opportunities.OpportunitiesEntity],https://api.ucm.bingads.microsoft.com/api/v2/DataTable/BobAccounts,ProgrammaticCustomerOpportunitiesSummaryDetails,233,334,575,2018-01-12,632.56
20180115,Microsoft.Ads.UcmApi.Core.ExternalCallExecuter.Cache.ExternalCallCacheProxy`2[Microsoft.Advertiser.AdInsight.MT.Interfaces.Opportunity.GetOpportunitiesAggregationRequestMicrosoft.Ads.UcmApi.Core.Fetchers.Opportunities.OpportunitiesEntity],https://api.ucm.bingads.microsoft.com/api/v2/DataTable/BobAccounts,ProgrammaticCustomerOpportunitiesSummaryDetails,74,106,347,2018-01-15,766.0
20180116,Microsoft.Ads.UcmApi.Core.ExternalCallExecuter.Cache.ExternalCallCacheProxy`2[Microsoft.Advertiser.AdInsight.MT.Interfaces.Opportunity.GetOpportunitiesAggregationRequestMicrosoft.Ads.UcmApi.Core.Fetchers.Opportunities.OpportunitiesEntity],https://api.ucm.bingads.microsoft.com/api/v2/DataTable/BobAccounts,ProgrammaticCustomerOpportunitiesSummaryDetails,242,386,728,2018-01-16,653.5
20180117,Microsoft.Ads.UcmApi.Core.ExternalCallExecuter.Cache.ExternalCallCacheProxy`2[Microsoft.Advertiser.AdInsight.MT.Interfaces.Opportunity.GetOpportunitiesAggregationRequestMicrosoft.Ads.UcmApi.Core.Fetchers.Opportunities.OpportunitiesEntity],https://api.ucm.bingads.microsoft.com/api/v2/DataTable/BobAccounts,ProgrammaticCustomerOpportunitiesSummaryDetails,72,114,606,2018-01-17,841.67
20180118,Microsoft.Ads.UcmApi.Core.ExternalCallExecuter.Cache.ExternalCallCacheProxy`2[Microsoft.Advertiser.AdInsight.MT.Interfaces.Opportunity.GetOpportunitiesAggregationRequestMicrosoft.Ads.UcmApi.Core.Fetchers.Opportunities.OpportunitiesEntity],https://api.ucm.bingads.microsoft.com/api/v2/DataTable/BobAccounts,ProgrammaticCustomerOpportunitiesSummaryDetails,240,373,737,2018-01-18,663.96
20180119,Microsoft.Ads.UcmApi.Core.ExternalCallExecuter.Cache.ExternalCallCacheProxy`2[Microsoft.Advertiser.AdInsight.MT.Interfaces.Opportunity.GetOpportunitiesAggregationRequestMicrosoft.Ads.UcmApi.Core.Fetchers.Opportunities.OpportunitiesEntity],https://api.ucm.bingads.microsoft.com/api/v2/DataTable/BobAccounts,ProgrammaticCustomerOpportunitiesSummaryDetails,230,327,635,2018-01-19,660.08
20180122,Microsoft.Ads.UcmApi.Core.ExternalCallExecuter.Cache.ExternalCallCacheProxy`2[Microsoft.Advertiser.AdInsight.MT.Interfaces.Opportunity.GetOpportunitiesAggregationRequestMicrosoft.Ads.UcmApi.Core.Fetchers.Opportunities.OpportunitiesEntity],https://api.ucm.bingads.microsoft.com/api/v2/DataTable/BobAccounts,ProgrammaticCustomerOpportunitiesSummaryDetails,96,115,580,2018-01-22,834.53
20180123,Microsoft.Ads.UcmApi.Core.ExternalCallExecuter.Cache.ExternalCallCacheProxy`2[Microsoft.Advertiser.AdInsight.MT.Interfaces.Opportunity.GetOpportunitiesAggregationRequestMicrosoft.Ads.UcmApi.Core.Fetchers.Opportunities.OpportunitiesEntity],https://api.ucm.bingads.microsoft.com/api/v2/DataTable/BobAccounts,ProgrammaticCustomerOpportunitiesSummaryDetails,184,275,618,2018-01-23,692.05
20180124,Microsoft.Ads.UcmApi.Core.ExternalCallExecuter.Cache.ExternalCallCacheProxy`2[Microsoft.Advertiser.AdInsight.MT.Interfaces.Opportunity.GetOpportunitiesAggregationRequestMicrosoft.Ads.UcmApi.Core.Fetchers.Opportunities.OpportunitiesEntity],https://api.ucm.bingads.microsoft.com/api/v2/DataTable/BobAccounts,ProgrammaticCustomerOpportunitiesSummaryDetails,75,106,532,2018-01-24,833.86
20180125,Microsoft.Ads.UcmApi.Core.ExternalCallExecuter.Cache.ExternalCallCacheProxy`2[Microsoft.Advertiser.AdInsight.MT.Interfaces.Opportunity.GetOpportunitiesAggregationRequestMicrosoft.Ads.UcmApi.Core.Fetchers.Opportunities.OpportunitiesEntity],https://api.ucm.bingads.microsoft.com/api/v2/DataTable/BobAccounts,ProgrammaticCustomerOpportunitiesSummaryDetails,103,127,513,2018-01-25,801.56
20180126,Microsoft.Ads.UcmApi.Core.ExternalCallExecuter.Cache.ExternalCallCacheProxy`2[Microsoft.Advertiser.AdInsight.MT.Interfaces.Opportunity.GetOpportunitiesAggregationRequestMicrosoft.Ads.UcmApi.Core.Fetchers.Opportunities.OpportunitiesEntity],https://api.ucm.bingads.microsoft.com/api/v2/DataTable/BobAccounts,ProgrammaticCustomerOpportunitiesSummaryDetails,171,239,509,2018-01-26,680.48
20180129,Microsoft.Ads.UcmApi.Core.ExternalCallExecuter.Cache.ExternalCallCacheProxy`2[Microsoft.Advertiser.AdInsight.MT.Interfaces.Opportunity.GetOpportunitiesAggregationRequestMicrosoft.Ads.UcmApi.Core.Fetchers.Opportunities.OpportunitiesEntity],https://api.ucm.bingads.microsoft.com/api/v2/DataTable/BobAccounts,ProgrammaticCustomerOpportunitiesSummaryDetails,73,101,567,2018-01-29,848.8
20180130,Microsoft.Ads.UcmApi.Core.ExternalCallExecuter.Cache.ExternalCallCacheProxy`2[Microsoft.Advertiser.AdInsight.MT.Interfaces.Opportunity.GetOpportunitiesAggregationRequestMicrosoft.Ads.UcmApi.Core.Fetchers.Opportunities.OpportunitiesEntity],https://api.ucm.bingads.microsoft.com/api/v2/DataTable/BobAccounts,ProgrammaticCustomerOpportunitiesSummaryDetails,225,331,603,2018-01-30,645.61
20180131,Microsoft.Ads.UcmApi.Core.ExternalCallExecuter.Cache.ExternalCallCacheProxy`2[Microsoft.Advertiser.AdInsight.MT.Interfaces.Opportunity.GetOpportunitiesAggregationRequestMicrosoft.Ads.UcmApi.Core.Fetchers.Opportunities.OpportunitiesEntity],https://api.ucm.bingads.microsoft.com/api/v2/DataTable/BobAccounts,ProgrammaticCustomerOpportunitiesSummaryDetails,251,367,574,2018-01-31,609.99
20180201,Microsoft.Ads.UcmApi.Core.ExternalCallExecuter.Cache.ExternalCallCacheProxy`2[Microsoft.Advertiser.AdInsight.MT.Interfaces.Opportunity.GetOpportunitiesAggregationRequestMicrosoft.Ads.UcmApi.Core.Fetchers.Opportunities.OpportunitiesEntity],https://api.ucm.bingads.microsoft.com/api/v2/DataTable/BobAccounts,ProgrammaticCustomerOpportunitiesSummaryDetails,255,338,640,2018-02-01,654.4
20180202,Microsoft.Ads.UcmApi.Core.ExternalCallExecuter.Cache.ExternalCallCacheProxy`2[Microsoft.Advertiser.AdInsight.MT.Interfaces.Opportunity.GetOpportunitiesAggregationRequestMicrosoft.Ads.UcmApi.Core.Fetchers.Opportunities.OpportunitiesEntity],https://api.ucm.bingads.microsoft.com/api/v2/DataTable/BobAccounts,ProgrammaticCustomerOpportunitiesSummaryDetails,192,250,570,2018-02-02,695.12
20180205,Microsoft.Ads.UcmApi.Core.ExternalCallExecuter.Cache.ExternalCallCacheProxy`2[Microsoft.Advertiser.AdInsight.MT.Interfaces.Opportunity.GetOpportunitiesAggregationRequestMicrosoft.Ads.UcmApi.Core.Fetchers.Opportunities.OpportunitiesEntity],https://api.ucm.bingads.microsoft.com/api/v2/DataTable/BobAccounts,ProgrammaticCustomerOpportunitiesSummaryDetails,58,68,466,2018-02-05,872.66
20180206,Microsoft.Ads.UcmApi.Core.ExternalCallExecuter.Cache.ExternalCallCacheProxy`2[Microsoft.Advertiser.AdInsight.MT.Interfaces.Opportunity.GetOpportunitiesAggregationRequestMicrosoft.Ads.UcmApi.Core.Fetchers.Opportunities.OpportunitiesEntity],https://api.ucm.bingads.microsoft.com/api/v2/DataTable/BobAccounts,ProgrammaticCustomerOpportunitiesSummaryDetails,52,64,296,2018-02-06,822.22
20180207,Microsoft.Ads.UcmApi.Core.ExternalCallExecuter.Cache.ExternalCallCacheProxy`2[Microsoft.Advertiser.AdInsight.MT.Interfaces.Opportunity.GetOpportunitiesAggregationRequestMicrosoft.Ads.UcmApi.Core.Fetchers.Opportunities.OpportunitiesEntity],https://api.ucm.bingads.microsoft.com/api/v2/DataTable/BobAccounts,ProgrammaticCustomerOpportunitiesSummaryDetails,103,151,346,2018-02-07,696.18
20180208,Microsoft.Ads.UcmApi.Core.ExternalCallExecuter.Cache.ExternalCallCacheProxy`2[Microsoft.Advertiser.AdInsight.MT.Interfaces.Opportunity.GetOpportunitiesAggregationRequestMicrosoft.Ads.UcmApi.Core.Fetchers.Opportunities.OpportunitiesEntity],https://api.ucm.bingads.microsoft.com/api/v2/DataTable/BobAccounts,ProgrammaticCustomerOpportunitiesSummaryDetails,57,80,311,2018-02-08,795.4
20180209,Microsoft.Ads.UcmApi.Core.ExternalCallExecuter.Cache.ExternalCallCacheProxy`2[Microsoft.Advertiser.AdInsight.MT.Interfaces.Opportunity.GetOpportunitiesAggregationRequestMicrosoft.Ads.UcmApi.Core.Fetchers.Opportunities.OpportunitiesEntity],https://api.ucm.bingads.microsoft.com/api/v2/DataTable/BobAccounts,ProgrammaticCustomerOpportunitiesSummaryDetails,31,38,247,2018-02-09,866.67
20180212,Microsoft.Ads.UcmApi.Core.ExternalCallExecuter.Cache.ExternalCallCacheProxy`2[Microsoft.Advertiser.AdInsight.MT.Interfaces.Opportunity.GetOpportunitiesAggregationRequestMicrosoft.Ads.UcmApi.Core.Fetchers.Opportunities.OpportunitiesEntity],https://api.ucm.bingads.microsoft.com/api/v2/DataTable/BobAccounts,ProgrammaticCustomerOpportunitiesSummaryDetails,37,39,269,2018-02-12,873.38
20180213,Microsoft.Ads.UcmApi.Core.ExternalCallExecuter.Cache.ExternalCallCacheProxy`2[Microsoft.Advertiser.AdInsight.MT.Interfaces.Opportunity.GetOpportunitiesAggregationRequestMicrosoft.Ads.UcmApi.Core.Fetchers.Opportunities.OpportunitiesEntity],https://api.ucm.bingads.microsoft.com/api/v2/DataTable/BobAccounts,ProgrammaticCustomerOpportunitiesSummaryDetails,32,39,211,2018-02-13,844.0
20180214,Microsoft.Ads.UcmApi.Core.ExternalCallExecuter.Cache.ExternalCallCacheProxy`2[Microsoft.Advertiser.AdInsight.MT.Interfaces.Opportunity.GetOpportunitiesAggregationRequestMicrosoft.Ads.UcmApi.Core.Fetchers.Opportunities.OpportunitiesEntity],https://api.ucm.bingads.microsoft.com/api/v2/DataTable/BobAccounts,ProgrammaticCustomerOpportunitiesSummaryDetails,35,42,217,2018-02-14,837.84
20180215,Microsoft.Ads.UcmApi.Core.ExternalCallExecuter.Cache.ExternalCallCacheProxy`2[Microsoft.Advertiser.AdInsight.MT.Interfaces.Opportunity.GetOpportunitiesAggregationRequestMicrosoft.Ads.UcmApi.Core.Fetchers.Opportunities.OpportunitiesEntity],https://api.ucm.bingads.microsoft.com/api/v2/DataTable/BobAccounts,ProgrammaticCustomerOpportunitiesSummaryDetails,37,47,256,2018-02-15,844.88
20180216,Microsoft.Ads.UcmApi.Core.ExternalCallExecuter.Cache.ExternalCallCacheProxy`2[Microsoft.Advertiser.AdInsight.MT.Interfaces.Opportunity.GetOpportunitiesAggregationRequestMicrosoft.Ads.UcmApi.Core.Fetchers.Opportunities.OpportunitiesEntity],https://api.ucm.bingads.microsoft.com/api/v2/DataTable/BobAccounts,ProgrammaticCustomerOpportunitiesSummaryDetails,35,43,176,2018-02-16,803.65
20180219,Microsoft.Ads.UcmApi.Core.ExternalCallExecuter.Cache.ExternalCallCacheProxy`2[Microsoft.Advertiser.AdInsight.MT.Interfaces.Opportunity.GetOpportunitiesAggregationRequestMicrosoft.Ads.UcmApi.Core.Fetchers.Opportunities.OpportunitiesEntity],https://api.ucm.bingads.microsoft.com/api/v2/DataTable/BobAccounts,ProgrammaticCustomerOpportunitiesSummaryDetails,36,48,108,2018-02-19,692.31
20180220,Microsoft.Ads.UcmApi.Core.ExternalCallExecuter.Cache.ExternalCallCacheProxy`2[Microsoft.Advertiser.AdInsight.MT.Interfaces.Opportunity.GetOpportunitiesAggregationRequestMicrosoft.Ads.UcmApi.Core.Fetchers.Opportunities.OpportunitiesEntity],https://api.ucm.bingads.microsoft.com/api/v2/DataTable/BobAccounts,ProgrammaticCustomerOpportunitiesSummaryDetails,93,120,329,2018-02-20,732.74
20180221,Microsoft.Ads.UcmApi.Core.ExternalCallExecuter.Cache.ExternalCallCacheProxy`2[Microsoft.Advertiser.AdInsight.MT.Interfaces.Opportunity.GetOpportunitiesAggregationRequestMicrosoft.Ads.UcmApi.Core.Fetchers.Opportunities.OpportunitiesEntity],https://api.ucm.bingads.microsoft.com/api/v2/DataTable/BobAccounts,ProgrammaticCustomerOpportunitiesSummaryDetails,22,31,243,2018-02-21,886.86
20180222,Microsoft.Ads.UcmApi.Core.ExternalCallExecuter.Cache.ExternalCallCacheProxy`2[Microsoft.Advertiser.AdInsight.MT.Interfaces.Opportunity.GetOpportunitiesAggregationRequestMicrosoft.Ads.UcmApi.Core.Fetchers.Opportunities.OpportunitiesEntity],https://api.ucm.bingads.microsoft.com/api/v2/DataTable/BobAccounts,ProgrammaticCustomerOpportunitiesSummaryDetails,100,134,234,2018-02-22,635.87
20180223,Microsoft.Ads.UcmApi.Core.ExternalCallExecuter.Cache.ExternalCallCacheProxy`2[Microsoft.Advertiser.AdInsight.MT.Interfaces.Opportunity.GetOpportunitiesAggregationRequestMicrosoft.Ads.UcmApi.Core.Fetchers.Opportunities.OpportunitiesEntity],https://api.ucm.bingads.microsoft.com/api/v2/DataTable/BobAccounts,ProgrammaticCustomerOpportunitiesSummaryDetails,22,30,181,2018-02-23,857.82
20180226,Microsoft.Ads.UcmApi.Core.ExternalCallExecuter.Cache.ExternalCallCacheProxy`2[Microsoft.Advertiser.AdInsight.MT.Interfaces.Opportunity.GetOpportunitiesAggregationRequestMicrosoft.Ads.UcmApi.Core.Fetchers.Opportunities.OpportunitiesEntity],https://api.ucm.bingads.microsoft.com/api/v2/DataTable/BobAccounts,ProgrammaticCustomerOpportunitiesSummaryDetails,138,194,329,2018-02-26,629.06
20180227,Microsoft.Ads.UcmApi.Core.ExternalCallExecuter.Cache.ExternalCallCacheProxy`2[Microsoft.Advertiser.AdInsight.MT.Interfaces.Opportunity.GetOpportunitiesAggregationRequestMicrosoft.Ads.UcmApi.Core.Fetchers.Opportunities.OpportunitiesEntity],https://api.ucm.bingads.microsoft.com/api/v2/DataTable/BobAccounts,ProgrammaticCustomerOpportunitiesSummaryDetails,164,206,365,2018-02-27,639.23
20180228,Microsoft.Ads.UcmApi.Core.ExternalCallExecuter.Cache.ExternalCallCacheProxy`2[Microsoft.Advertiser.AdInsight.MT.Interfaces.Opportunity.GetOpportunitiesAggregationRequestMicrosoft.Ads.UcmApi.Core.Fetchers.Opportunities.OpportunitiesEntity],https://api.ucm.bingads.microsoft.com/api/v2/DataTable/BobAccounts,ProgrammaticCustomerOpportunitiesSummaryDetails,44,47,254,2018-02-28,843.85
20180301,Microsoft.Ads.UcmApi.Core.ExternalCallExecuter.Cache.ExternalCallCacheProxy`2[Microsoft.Advertiser.AdInsight.MT.Interfaces.Opportunity.GetOpportunitiesAggregationRequestMicrosoft.Ads.UcmApi.Core.Fetchers.Opportunities.OpportunitiesEntity],https://api.ucm.bingads.microsoft.com/api/v2/DataTable/BobAccounts,ProgrammaticCustomerOpportunitiesSummaryDetails,70,85,274,2018-03-01,763.23
20180302,Microsoft.Ads.UcmApi.Core.ExternalCallExecuter.Cache.ExternalCallCacheProxy`2[Microsoft.Advertiser.AdInsight.MT.Interfaces.Opportunity.GetOpportunitiesAggregationRequestMicrosoft.Ads.UcmApi.Core.Fetchers.Opportunities.OpportunitiesEntity],https://api.ucm.bingads.microsoft.com/api/v2/DataTable/BobAccounts,ProgrammaticCustomerOpportunitiesSummaryDetails,64,105,290,2018-03-02,734.18
20180305,Microsoft.Ads.UcmApi.Core.ExternalCallExecuter.Cache.ExternalCallCacheProxy`2[Microsoft.Advertiser.AdInsight.MT.Interfaces.Opportunity.GetOpportunitiesAggregationRequestMicrosoft.Ads.UcmApi.Core.Fetchers.Opportunities.OpportunitiesEntity],https://api.ucm.bingads.microsoft.com/api/v2/DataTable/BobAccounts,ProgrammaticCustomerOpportunitiesSummaryDetails,66,84,234,2018-03-05,735.85
20180306,Microsoft.Ads.UcmApi.Core.ExternalCallExecuter.Cache.ExternalCallCacheProxy`2[Microsoft.Advertiser.AdInsight.MT.Interfaces.Opportunity.GetOpportunitiesAggregationRequestMicrosoft.Ads.UcmApi.Core.Fetchers.Opportunities.OpportunitiesEntity],https://api.ucm.bingads.microsoft.com/api/v2/DataTable/BobAccounts,ProgrammaticCustomerOpportunitiesSummaryDetails,125,182,286,2018-03-06,611.11
20180307,Microsoft.Ads.UcmApi.Core.ExternalCallExecuter.Cache.ExternalCallCacheProxy`2[Microsoft.Advertiser.AdInsight.MT.Interfaces.Opportunity.GetOpportunitiesAggregationRequestMicrosoft.Ads.UcmApi.Core.Fetchers.Opportunities.OpportunitiesEntity],https://api.ucm.bingads.microsoft.com/api/v2/DataTable/BobAccounts,ProgrammaticCustomerOpportunitiesSummaryDetails,36,42,173,2018-03-07,804.65
20180308,Microsoft.Ads.UcmApi.Core.ExternalCallExecuter.Cache.ExternalCallCacheProxy`2[Microsoft.Advertiser.AdInsight.MT.Interfaces.Opportunity.GetOpportunitiesAggregationRequestMicrosoft.Ads.UcmApi.Core.Fetchers.Opportunities.OpportunitiesEntity],https://api.ucm.bingads.microsoft.com/api/v2/DataTable/BobAccounts,ProgrammaticCustomerOpportunitiesSummaryDetails,114,141,218,2018-03-08,607.24
20180309,Microsoft.Ads.UcmApi.Core.ExternalCallExecuter.Cache.ExternalCallCacheProxy`2[Microsoft.Advertiser.AdInsight.MT.Interfaces.Opportunity.GetOpportunitiesAggregationRequestMicrosoft.Ads.UcmApi.Core.Fetchers.Opportunities.OpportunitiesEntity],https://api.ucm.bingads.microsoft.com/api/v2/DataTable/BobAccounts,ProgrammaticCustomerOpportunitiesSummaryDetails,23,24,148,2018-03-09,860.47
20180312,Microsoft.Ads.UcmApi.Core.ExternalCallExecuter.Cache.ExternalCallCacheProxy`2[Microsoft.Advertiser.AdInsight.MT.Interfaces.Opportunity.GetOpportunitiesAggregationRequestMicrosoft.Ads.UcmApi.Core.Fetchers.Opportunities.OpportunitiesEntity],https://api.ucm.bingads.microsoft.com/api/v2/DataTable/BobAccounts,ProgrammaticCustomerOpportunitiesSummaryDetails,58,81,280,2018-03-12,775.62
20180313,Microsoft.Ads.UcmApi.Core.ExternalCallExecuter.Cache.ExternalCallCacheProxy`2[Microsoft.Advertiser.AdInsight.MT.Interfaces.Opportunity.GetOpportunitiesAggregationRequestMicrosoft.Ads.UcmApi.Core.Fetchers.Opportunities.OpportunitiesEntity],https://api.ucm.bingads.microsoft.com/api/v2/DataTable/BobAccounts,ProgrammaticCustomerOpportunitiesSummaryDetails,66,88,328,2018-03-13,788.46
20180314,Microsoft.Ads.UcmApi.Core.ExternalCallExecuter.Cache.ExternalCallCacheProxy`2[Microsoft.Advertiser.AdInsight.MT.Interfaces.Opportunity.GetOpportunitiesAggregationRequestMicrosoft.Ads.UcmApi.Core.Fetchers.Opportunities.OpportunitiesEntity],https://api.ucm.bingads.microsoft.com/api/v2/DataTable/BobAccounts,ProgrammaticCustomerOpportunitiesSummaryDetails,115,141,281,2018-03-14,665.88
20180315,Microsoft.Ads.UcmApi.Core.ExternalCallExecuter.Cache.ExternalCallCacheProxy`2[Microsoft.Advertiser.AdInsight.MT.Interfaces.Opportunity.GetOpportunitiesAggregationRequestMicrosoft.Ads.UcmApi.Core.Fetchers.Opportunities.OpportunitiesEntity],https://api.ucm.bingads.microsoft.com/api/v2/DataTable/BobAccounts,ProgrammaticCustomerOpportunitiesSummaryDetails,33,46,273,2018-03-15,855.8
20180316,Microsoft.Ads.UcmApi.Core.ExternalCallExecuter.Cache.ExternalCallCacheProxy`2[Microsoft.Advertiser.AdInsight.MT.Interfaces.Opportunity.GetOpportunitiesAggregationRequestMicrosoft.Ads.UcmApi.Core.Fetchers.Opportunities.OpportunitiesEntity],https://api.ucm.bingads.microsoft.com/api/v2/DataTable/BobAccounts,ProgrammaticCustomerOpportunitiesSummaryDetails,40,53,218,2018-03-16,804.43
20180319,Microsoft.Ads.UcmApi.Core.ExternalCallExecuter.Cache.ExternalCallCacheProxy`2[Microsoft.Advertiser.AdInsight.MT.Interfaces.Opportunity.GetOpportunitiesAggregationRequestMicrosoft.Ads.UcmApi.Core.Fetchers.Opportunities.OpportunitiesEntity],https://api.ucm.bingads.microsoft.com/api/v2/DataTable/BobAccounts,ProgrammaticCustomerOpportunitiesSummaryDetails,19,24,193,2018-03-19,889.4
20180320,Microsoft.Ads.UcmApi.Core.ExternalCallExecuter.Cache.ExternalCallCacheProxy`2[Microsoft.Advertiser.AdInsight.MT.Interfaces.Opportunity.GetOpportunitiesAggregationRequestMicrosoft.Ads.UcmApi.Core.Fetchers.Opportunities.OpportunitiesEntity],https://api.ucm.bingads.microsoft.com/api/v2/DataTable/BobAccounts,ProgrammaticCustomerOpportunitiesSummaryDetails,32,40,160,2018-03-20,800.0
20180321,Microsoft.Ads.UcmApi.Core.ExternalCallExecuter.Cache.ExternalCallCacheProxy`2[Microsoft.Advertiser.AdInsight.MT.Interfaces.Opportunity.GetOpportunitiesAggregationRequestMicrosoft.Ads.UcmApi.Core.Fetchers.Opportunities.OpportunitiesEntity],https://api.ucm.bingads.microsoft.com/api/v2/DataTable/BobAccounts,ProgrammaticCustomerOpportunitiesSummaryDetails,64,94,197,2018-03-21,676.98
20180322,Microsoft.Ads.UcmApi.Core.ExternalCallExecuter.Cache.ExternalCallCacheProxy`2[Microsoft.Advertiser.AdInsight.MT.Interfaces.Opportunity.GetOpportunitiesAggregationRequestMicrosoft.Ads.UcmApi.Core.Fetchers.Opportunities.OpportunitiesEntity],https://api.ucm.bingads.microsoft.com/api/v2/DataTable/BobAccounts,ProgrammaticCustomerOpportunitiesSummaryDetails,23,30,175,2018-03-22,853.66
20180323,Microsoft.Ads.UcmApi.Core.ExternalCallExecuter.Cache.ExternalCallCacheProxy`2[Microsoft.Advertiser.AdInsight.MT.Interfaces.Opportunity.GetOpportunitiesAggregationRequestMicrosoft.Ads.UcmApi.Core.Fetchers.Opportunities.OpportunitiesEntity],https://api.ucm.bingads.microsoft.com/api/v2/DataTable/BobAccounts,ProgrammaticCustomerOpportunitiesSummaryDetails,95,126,218,2018-03-23,633.72
20180326,Microsoft.Ads.UcmApi.Core.ExternalCallExecuter.Cache.ExternalCallCacheProxy`2[Microsoft.Advertiser.AdInsight.MT.Interfaces.Opportunity.GetOpportunitiesAggregationRequestMicrosoft.Ads.UcmApi.Core.Fetchers.Opportunities.OpportunitiesEntity],https://api.ucm.bingads.microsoft.com/api/v2/DataTable/BobAccounts,ProgrammaticCustomerOpportunitiesSummaryDetails,65,80,263,2018-03-26,766.76
20180327,Microsoft.Ads.UcmApi.Core.ExternalCallExecuter.Cache.ExternalCallCacheProxy`2[Microsoft.Advertiser.AdInsight.MT.Interfaces.Opportunity.GetOpportunitiesAggregationRequestMicrosoft.Ads.UcmApi.Core.Fetchers.Opportunities.OpportunitiesEntity],https://api.ucm.bingads.microsoft.com/api/v2/DataTable/BobAccounts,ProgrammaticCustomerOpportunitiesSummaryDetails,127,178,350,2018-03-27,662.88
20180328,Microsoft.Ads.UcmApi.Core.ExternalCallExecuter.Cache.ExternalCallCacheProxy`2[Microsoft.Advertiser.AdInsight.MT.Interfaces.Opportunity.GetOpportunitiesAggregationRequestMicrosoft.Ads.UcmApi.Core.Fetchers.Opportunities.OpportunitiesEntity],https://api.ucm.bingads.microsoft.com/api/v2/DataTable/BobAccounts,ProgrammaticCustomerOpportunitiesSummaryDetails,77,95,259,2018-03-28,731.64
20180329,Microsoft.Ads.UcmApi.Core.ExternalCallExecuter.Cache.ExternalCallCacheProxy`2[Microsoft.Advertiser.AdInsight.MT.Interfaces.Opportunity.GetOpportunitiesAggregationRequestMicrosoft.Ads.UcmApi.Core.Fetchers.Opportunities.OpportunitiesEntity],https://api.ucm.bingads.microsoft.com/api/v2/DataTable/BobAccounts,ProgrammaticCustomerOpportunitiesSummaryDetails,86,110,243,2018-03-29,688.39
20180330,Microsoft.Ads.UcmApi.Core.ExternalCallExecuter.Cache.ExternalCallCacheProxy`2[Microsoft.Advertiser.AdInsight.MT.Interfaces.Opportunity.GetOpportunitiesAggregationRequestMicrosoft.Ads.UcmApi.Core.Fetchers.Opportunities.OpportunitiesEntity],https://api.ucm.bingads.microsoft.com/api/v2/DataTable/BobAccounts,ProgrammaticCustomerOpportunitiesSummaryDetails,15,18,231,2018-03-30,927.71
20180402,Microsoft.Ads.UcmApi.Core.ExternalCallExecuter.Cache.ExternalCallCacheProxy`2[Microsoft.Advertiser.AdInsight.MT.Interfaces.Opportunity.GetOpportunitiesAggregationRequestMicrosoft.Ads.UcmApi.Core.Fetchers.Opportunities.OpportunitiesEntity],https://api.ucm.bingads.microsoft.com/api/v2/DataTable/BobAccounts,ProgrammaticCustomerOpportunitiesSummaryDetails,0,0,236,2018-04-02,1000.0
20180403,Microsoft.Ads.UcmApi.Core.ExternalCallExecuter.Cache.ExternalCallCacheProxy`2[Microsoft.Advertiser.AdInsight.MT.Interfaces.Opportunity.GetOpportunitiesAggregationRequestMicrosoft.Ads.UcmApi.Core.Fetchers.Opportunities.OpportunitiesEntity],https://api.ucm.bingads.microsoft.com/api/v2/DataTable/BobAccounts,ProgrammaticCustomerOpportunitiesSummaryDetails,0,0,256,2018-04-03,1000.0
20180404,Microsoft.Ads.UcmApi.Core.ExternalCallExecuter.Cache.ExternalCallCacheProxy`2[Microsoft.Advertiser.AdInsight.MT.Interfaces.Opportunity.GetOpportunitiesAggregationRequestMicrosoft.Ads.UcmApi.Core.Fetchers.Opportunities.OpportunitiesEntity],https://api.ucm.bingads.microsoft.com/api/v2/DataTable/BobAccounts,ProgrammaticCustomerOpportunitiesSummaryDetails,0,0,496,2018-04-04,1000.0
20180405,Microsoft.Ads.UcmApi.Core.ExternalCallExecuter.Cache.ExternalCallCacheProxy`2[Microsoft.Advertiser.AdInsight.MT.Interfaces.Opportunity.GetOpportunitiesAggregationRequestMicrosoft.Ads.UcmApi.Core.Fetchers.Opportunities.OpportunitiesEntity],https://api.ucm.bingads.microsoft.com/api/v2/DataTable/BobAccounts,ProgrammaticCustomerOpportunitiesSummaryDetails,0,0,420,2018-04-05,1000.0
20180406,Microsoft.Ads.UcmApi.Core.ExternalCallExecuter.Cache.ExternalCallCacheProxy`2[Microsoft.Advertiser.AdInsight.MT.Interfaces.Opportunity.GetOpportunitiesAggregationRequestMicrosoft.Ads.UcmApi.Core.Fetchers.Opportunities.OpportunitiesEntity],https://api.ucm.bingads.microsoft.com/api/v2/DataTable/BobAccounts,ProgrammaticCustomerOpportunitiesSummaryDetails,0,0,187,2018-04-06,1000.0
20180409,Microsoft.Ads.UcmApi.Core.ExternalCallExecuter.Cache.ExternalCallCacheProxy`2[Microsoft.Advertiser.AdInsight.MT.Interfaces.Opportunity.GetOpportunitiesAggregationRequestMicrosoft.Ads.UcmApi.Core.Fetchers.Opportunities.OpportunitiesEntity],https://api.ucm.bingads.microsoft.com/api/v2/DataTable/BobAccounts,ProgrammaticCustomerOpportunitiesSummaryDetails,0,0,611,2018-04-09,1000.0
20180410,Microsoft.Ads.UcmApi.Core.ExternalCallExecuter.Cache.ExternalCallCacheProxy`2[Microsoft.Advertiser.AdInsight.MT.Interfaces.Opportunity.GetOpportunitiesAggregationRequestMicrosoft.Ads.UcmApi.Core.Fetchers.Opportunities.OpportunitiesEntity],https://api.ucm.bingads.microsoft.com/api/v2/DataTable/BobAccounts,ProgrammaticCustomerOpportunitiesSummaryDetails,0,0,577,2018-04-10,1000.0
20180411,Microsoft.Ads.UcmApi.Core.ExternalCallExecuter.Cache.ExternalCallCacheProxy`2[Microsoft.Advertiser.AdInsight.MT.Interfaces.Opportunity.GetOpportunitiesAggregationRequestMicrosoft.Ads.UcmApi.Core.Fetchers.Opportunities.OpportunitiesEntity],https://api.ucm.bingads.microsoft.com/api/v2/DataTable/BobAccounts,ProgrammaticCustomerOpportunitiesSummaryDetails,0,0,397,2018-04-11,1000.0
20180412,Microsoft.Ads.UcmApi.Core.ExternalCallExecuter.Cache.ExternalCallCacheProxy`2[Microsoft.Advertiser.AdInsight.MT.Interfaces.Opportunity.GetOpportunitiesAggregationRequestMicrosoft.Ads.UcmApi.Core.Fetchers.Opportunities.OpportunitiesEntity],https://api.ucm.bingads.microsoft.com/api/v2/DataTable/BobAccounts,ProgrammaticCustomerOpportunitiesSummaryDetails,0,0,248,2018-04-12,1000.0
20180413,Microsoft.Ads.UcmApi.Core.ExternalCallExecuter.Cache.ExternalCallCacheProxy`2[Microsoft.Advertiser.AdInsight.MT.Interfaces.Opportunity.GetOpportunitiesAggregationRequestMicrosoft.Ads.UcmApi.Core.Fetchers.Opportunities.OpportunitiesEntity],https://api.ucm.bingads.microsoft.com/api/v2/DataTable/BobAccounts,ProgrammaticCustomerOpportunitiesSummaryDetails,0,0,357,2018-04-13,1000.0
20180416,Microsoft.Ads.UcmApi.Core.ExternalCallExecuter.Cache.ExternalCallCacheProxy`2[Microsoft.Advertiser.AdInsight.MT.Interfaces.Opportunity.GetOpportunitiesAggregationRequestMicrosoft.Ads.UcmApi.Core.Fetchers.Opportunities.OpportunitiesEntity],https://api.ucm.bingads.microsoft.com/api/v2/DataTable/BobAccounts,ProgrammaticCustomerOpportunitiesSummaryDetails,0,0,303,2018-04-16,1000.0
20180417,Microsoft.Ads.UcmApi.Core.ExternalCallExecuter.Cache.ExternalCallCacheProxy`2[Microsoft.Advertiser.AdInsight.MT.Interfaces.Opportunity.GetOpportunitiesAggregationRequestMicrosoft.Ads.UcmApi.Core.Fetchers.Opportunities.OpportunitiesEntity],https://api.ucm.bingads.microsoft.com/api/v2/DataTable/BobAccounts,ProgrammaticCustomerOpportunitiesSummaryDetails,0,0,300,2018-04-17,1000.0
20180418,Microsoft.Ads.UcmApi.Core.ExternalCallExecuter.Cache.ExternalCallCacheProxy`2[Microsoft.Advertiser.AdInsight.MT.Interfaces.Opportunity.GetOpportunitiesAggregationRequestMicrosoft.Ads.UcmApi.Core.Fetchers.Opportunities.OpportunitiesEntity],https://api.ucm.bingads.microsoft.com/api/v2/DataTable/BobAccounts,ProgrammaticCustomerOpportunitiesSummaryDetails,0,0,373,2018-04-18,1000.0
20180419,Microsoft.Ads.UcmApi.Core.ExternalCallExecuter.Cache.ExternalCallCacheProxy`2[Microsoft.Advertiser.AdInsight.MT.Interfaces.Opportunity.GetOpportunitiesAggregationRequestMicrosoft.Ads.UcmApi.Core.Fetchers.Opportunities.OpportunitiesEntity],https://api.ucm.bingads.microsoft.com/api/v2/DataTable/BobAccounts,ProgrammaticCustomerOpportunitiesSummaryDetails,51,84,501,2018-04-19,856.41
20180420,Microsoft.Ads.UcmApi.Core.ExternalCallExecuter.Cache.ExternalCallCacheProxy`2[Microsoft.Advertiser.AdInsight.MT.Interfaces.Opportunity.GetOpportunitiesAggregationRequestMicrosoft.Ads.UcmApi.Core.Fetchers.Opportunities.OpportunitiesEntity],https://api.ucm.bingads.microsoft.com/api/v2/DataTable/BobAccounts,ProgrammaticCustomerOpportunitiesSummaryDetails,31,37,169,2018-04-20,820.39
20180423,Microsoft.Ads.UcmApi.Core.ExternalCallExecuter.Cache.ExternalCallCacheProxy`2[Microsoft.Advertiser.AdInsight.MT.Interfaces.Opportunity.GetOpportunitiesAggregationRequestMicrosoft.Ads.UcmApi.Core.Fetchers.Opportunities.OpportunitiesEntity],https://api.ucm.bingads.microsoft.com/api/v2/DataTable/BobAccounts,ProgrammaticCustomerOpportunitiesSummaryDetails,41,52,187,2018-04-23,782.43
20180424,Microsoft.Ads.UcmApi.Core.ExternalCallExecuter.Cache.ExternalCallCacheProxy`2[Microsoft.Advertiser.AdInsight.MT.Interfaces.Opportunity.GetOpportunitiesAggregationRequestMicrosoft.Ads.UcmApi.Core.Fetchers.Opportunities.OpportunitiesEntity],https://api.ucm.bingads.microsoft.com/api/v2/DataTable/BobAccounts,ProgrammaticCustomerOpportunitiesSummaryDetails,28,35,231,2018-04-24,868.42
20180425,Microsoft.Ads.UcmApi.Core.ExternalCallExecuter.Cache.ExternalCallCacheProxy`2[Microsoft.Advertiser.AdInsight.MT.Interfaces.Opportunity.GetOpportunitiesAggregationRequestMicrosoft.Ads.UcmApi.Core.Fetchers.Opportunities.OpportunitiesEntity],https://api.ucm.bingads.microsoft.com/api/v2/DataTable/BobAccounts,ProgrammaticCustomerOpportunitiesSummaryDetails,46,56,178,2018-04-25,760.68
20180426,Microsoft.Ads.UcmApi.Core.ExternalCallExecuter.Cache.ExternalCallCacheProxy`2[Microsoft.Advertiser.AdInsight.MT.Interfaces.Opportunity.GetOpportunitiesAggregationRequestMicrosoft.Ads.UcmApi.Core.Fetchers.Opportunities.OpportunitiesEntity],https://api.ucm.bingads.microsoft.com/api/v2/DataTable/BobAccounts,ProgrammaticCustomerOpportunitiesSummaryDetails,22,29,228,2018-04-26,887.16
20180427,Microsoft.Ads.UcmApi.Core.ExternalCallExecuter.Cache.ExternalCallCacheProxy`2[Microsoft.Advertiser.AdInsight.MT.Interfaces.Opportunity.GetOpportunitiesAggregationRequestMicrosoft.Ads.UcmApi.Core.Fetchers.Opportunities.OpportunitiesEntity],https://api.ucm.bingads.microsoft.com/api/v2/DataTable/BobAccounts,ProgrammaticCustomerOpportunitiesSummaryDetails,27,35,211,2018-04-27,857.72
20180430,Microsoft.Ads.UcmApi.Core.ExternalCallExecuter.Cache.ExternalCallCacheProxy`2[Microsoft.Advertiser.AdInsight.MT.Interfaces.Opportunity.GetOpportunitiesAggregationRequestMicrosoft.Ads.UcmApi.Core.Fetchers.Opportunities.OpportunitiesEntity],https://api.ucm.bingads.microsoft.com/api/v2/DataTable/BobAccounts,ProgrammaticCustomerOpportunitiesSummaryDetails,39,45,230,2018-04-30,836.36
20180501,Microsoft.Ads.UcmApi.Core.ExternalCallExecuter.Cache.ExternalCallCacheProxy`2[Microsoft.Advertiser.AdInsight.MT.Interfaces.Opportunity.GetOpportunitiesAggregationRequestMicrosoft.Ads.UcmApi.Core.Fetchers.Opportunities.OpportunitiesEntity],https://api.ucm.bingads.microsoft.com/api/v2/DataTable/BobAccounts,ProgrammaticCustomerOpportunitiesSummaryDetails,27,32,193,2018-05-01,857.78
20180502,Microsoft.Ads.UcmApi.Core.ExternalCallExecuter.Cache.ExternalCallCacheProxy`2[Microsoft.Advertiser.AdInsight.MT.Interfaces.Opportunity.GetOpportunitiesAggregationRequestMicrosoft.Ads.UcmApi.Core.Fetchers.Opportunities.OpportunitiesEntity],https://api.ucm.bingads.microsoft.com/api/v2/DataTable/BobAccounts,ProgrammaticCustomerOpportunitiesSummaryDetails,92,110,243,2018-05-02,688.39
20180503,Microsoft.Ads.UcmApi.Core.ExternalCallExecuter.Cache.ExternalCallCacheProxy`2[Microsoft.Advertiser.AdInsight.MT.Interfaces.Opportunity.GetOpportunitiesAggregationRequestMicrosoft.Ads.UcmApi.Core.Fetchers.Opportunities.OpportunitiesEntity],https://api.ucm.bingads.microsoft.com/api/v2/DataTable/BobAccounts,ProgrammaticCustomerOpportunitiesSummaryDetails,47,56,226,2018-05-03,801.42
20180504,Microsoft.Ads.UcmApi.Core.ExternalCallExecuter.Cache.ExternalCallCacheProxy`2[Microsoft.Advertiser.AdInsight.MT.Interfaces.Opportunity.GetOpportunitiesAggregationRequestMicrosoft.Ads.UcmApi.Core.Fetchers.Opportunities.OpportunitiesEntity],https://api.ucm.bingads.microsoft.com/api/v2/DataTable/BobAccounts,ProgrammaticCustomerOpportunitiesSummaryDetails,22,25,175,2018-05-04,875.0
20180507,Microsoft.Ads.UcmApi.Core.ExternalCallExecuter.Cache.ExternalCallCacheProxy`2[Microsoft.Advertiser.AdInsight.MT.Interfaces.Opportunity.GetOpportunitiesAggregationRequestMicrosoft.Ads.UcmApi.Core.Fetchers.Opportunities.OpportunitiesEntity],https://api.ucm.bingads.microsoft.com/api/v2/DataTable/BobAccounts,ProgrammaticCustomerOpportunitiesSummaryDetails,22,27,190,2018-05-07,875.58
20180508,Microsoft.Ads.UcmApi.Core.ExternalCallExecuter.Cache.ExternalCallCacheProxy`2[Microsoft.Advertiser.AdInsight.MT.Interfaces.Opportunity.GetOpportunitiesAggregationRequestMicrosoft.Ads.UcmApi.Core.Fetchers.Opportunities.OpportunitiesEntity],https://api.ucm.bingads.microsoft.com/api/v2/DataTable/BobAccounts,ProgrammaticCustomerOpportunitiesSummaryDetails,39,50,229,2018-05-08,820.79
20180509,Microsoft.Ads.UcmApi.Core.ExternalCallExecuter.Cache.ExternalCallCacheProxy`2[Microsoft.Advertiser.AdInsight.MT.Interfaces.Opportunity.GetOpportunitiesAggregationRequestMicrosoft.Ads.UcmApi.Core.Fetchers.Opportunities.OpportunitiesEntity],https://api.ucm.bingads.microsoft.com/api/v2/DataTable/BobAccounts,ProgrammaticCustomerOpportunitiesSummaryDetails,38,52,322,2018-05-09,860.96
20180510,Microsoft.Ads.UcmApi.Core.ExternalCallExecuter.Cache.ExternalCallCacheProxy`2[Microsoft.Advertiser.AdInsight.MT.Interfaces.Opportunity.GetOpportunitiesAggregationRequestMicrosoft.Ads.UcmApi.Core.Fetchers.Opportunities.OpportunitiesEntity],https://api.ucm.bingads.microsoft.com/api/v2/DataTable/BobAccounts,ProgrammaticCustomerOpportunitiesSummaryDetails,151,217,360,2018-05-10,623.92
20180511,Microsoft.Ads.UcmApi.Core.ExternalCallExecuter.Cache.ExternalCallCacheProxy`2[Microsoft.Advertiser.AdInsight.MT.Interfaces.Opportunity.GetOpportunitiesAggregationRequestMicrosoft.Ads.UcmApi.Core.Fetchers.Opportunities.OpportunitiesEntity],https://api.ucm.bingads.microsoft.com/api/v2/DataTable/BobAccounts,ProgrammaticCustomerOpportunitiesSummaryDetails,61,66,238,2018-05-11,782.89
20180514,"Microsoft.Ads.UcmApi.Core.ExternalCallExecuter.Cache.ExternalCallCacheProxy`2[Microsoft.Advertiser.AdInsight.MT.Interfaces.Opportunity.GetOpportunitiesAggregationRequest,Microsoft.Ads.UcmApi.Core.Fetchers.Opportunities.OpportunitiesEntity]",https://api.ucm.bingads.microsoft.com/api/v2/DataTable/BobAccounts,ProgrammaticCustomerOpportunitiesSummaryDetails,62,76,236,2018-05-14,756.41
20180515,"Microsoft.Ads.UcmApi.Core.ExternalCallExecuter.Cache.ExternalCallCacheProxy`2[Microsoft.Advertiser.AdInsight.MT.Interfaces.Opportunity.GetOpportunitiesAggregationRequest,Microsoft.Ads.UcmApi.Core.Fetchers.Opportunities.OpportunitiesEntity]",https://api.ucm.bingads.microsoft.com/api/v2/DataTable/BobAccounts,ProgrammaticCustomerOpportunitiesSummaryDetails,55,77,298,2018-05-15,794.67
20180516,"Microsoft.Ads.UcmApi.Core.ExternalCallExecuter.Cache.ExternalCallCacheProxy`2[Microsoft.Advertiser.AdInsight.MT.Interfaces.Opportunity.GetOpportunitiesAggregationRequest,Microsoft.Ads.UcmApi.Core.Fetchers.Opportunities.OpportunitiesEntity]",https://api.ucm.bingads.microsoft.com/api/v2/DataTable/BobAccounts,ProgrammaticCustomerOpportunitiesSummaryDetails,66,85,249,2018-05-16,745.51
20180517,"Microsoft.Ads.UcmApi.Core.ExternalCallExecuter.Cache.ExternalCallCacheProxy`2[Microsoft.Advertiser.AdInsight.MT.Interfaces.Opportunity.GetOpportunitiesAggregationRequest,Microsoft.Ads.UcmApi.Core.Fetchers.Opportunities.OpportunitiesEntity]",https://api.ucm.bingads.microsoft.com/api/v2/DataTable/BobAccounts,ProgrammaticCustomerOpportunitiesSummaryDetails,63,98,283,2018-05-17,742.78
20180518,"Microsoft.Ads.UcmApi.Core.ExternalCallExecuter.Cache.ExternalCallCacheProxy`2[Microsoft.Advertiser.AdInsight.MT.Interfaces.Opportunity.GetOpportunitiesAggregationRequest,Microsoft.Ads.UcmApi.Core.Fetchers.Opportunities.OpportunitiesEntity]",https://api.ucm.bingads.microsoft.com/api/v2/DataTable/BobAccounts,ProgrammaticCustomerOpportunitiesSummaryDetails,42,53,198,2018-05-18,788.84
20180521,"Microsoft.Ads.UcmApi.Core.ExternalCallExecuter.Cache.ExternalCallCacheProxy`2[Microsoft.Advertiser.AdInsight.MT.Interfaces.Opportunity.GetOpportunitiesAggregationRequest,Microsoft.Ads.UcmApi.Core.Fetchers.Opportunities.OpportunitiesEntity]",https://api.ucm.bingads.microsoft.com/api/v2/DataTable/BobAccounts,ProgrammaticCustomerOpportunitiesSummaryDetails,39,55,237,2018-05-21,811.64
20180522,"Microsoft.Ads.UcmApi.Core.ExternalCallExecuter.Cache.ExternalCallCacheProxy`2[Microsoft.Advertiser.AdInsight.MT.Interfaces.Opportunity.GetOpportunitiesAggregationRequest,Microsoft.Ads.UcmApi.Core.Fetchers.Opportunities.OpportunitiesEntity]",https://api.ucm.bingads.microsoft.com/api/v2/DataTable/BobAccounts,ProgrammaticCustomerOpportunitiesSummaryDetails,31,49,267,2018-05-22,844.94
20180523,"Microsoft.Ads.UcmApi.Core.ExternalCallExecuter.Cache.ExternalCallCacheProxy`2[Microsoft.Advertiser.AdInsight.MT.Interfaces.Opportunity.GetOpportunitiesAggregationRequest,Microsoft.Ads.UcmApi.Core.Fetchers.Opportunities.OpportunitiesEntity]",https://api.ucm.bingads.microsoft.com/api/v2/DataTable/BobAccounts,ProgrammaticCustomerOpportunitiesSummaryDetails,31,39,216,2018-05-23,847.06
20180524,"Microsoft.Ads.UcmApi.Core.ExternalCallExecuter.Cache.ExternalCallCacheProxy`2[Microsoft.Advertiser.AdInsight.MT.Interfaces.Opportunity.GetOpportunitiesAggregationRequest,Microsoft.Ads.UcmApi.Core.Fetchers.Opportunities.OpportunitiesEntity]",https://api.ucm.bingads.microsoft.com/api/v2/DataTable/BobAccounts,ProgrammaticCustomerOpportunitiesSummaryDetails,33,50,232,2018-05-24,822.7
20180525,"Microsoft.Ads.UcmApi.Core.ExternalCallExecuter.Cache.ExternalCallCacheProxy`2[Microsoft.Advertiser.AdInsight.MT.Interfaces.Opportunity.GetOpportunitiesAggregationRequest,Microsoft.Ads.UcmApi.Core.Fetchers.Opportunities.OpportunitiesEntity]",https://api.ucm.bingads.microsoft.com/api/v2/DataTable/BobAccounts,ProgrammaticCustomerOpportunitiesSummaryDetails,27,36,157,2018-05-25,813.47
